Duration, Name,Organization,Location,start_date,end_date
11,Voltsillam,Stoltenberg-Mann,4446 Mallory Street,2019-12-17 21:09:04,2020-01-18 01:25:25
14,Y-Solowarm,Glover Inc,69 Kennedy Avenue,2019-12-15 08:39:21,2020-01-30 03:41:31
23,Lotstring,Ondricka-Kuvalis,788 American Ash Point,2019-12-20 02:02:41,2020-01-24 21:44:22
12,Aerified,Strosin and Sons,0626 Randy Terrace,2019-12-20 15:47:17,2020-01-18 18:26:02
27,Stim,Abernathy Inc,1589 Golf View Junction,2019-12-18 09:05:10,2020-01-30 01:37:11
29,Mat Lam Tam,"Dooley, Bayer and Huels",8 Fieldstone Terrace,2019-12-11 03:37:14,2020-01-23 23:06:48
22,Viva,"Jerde, Wuckert and McLaughlin",3 Ridgeview Court,2019-12-25 19:12:08,2020-01-23 14:32:29
12,Konklab,"Labadie, Predovic and Schamberger",52361 Macpherson Alley,2019-12-03 05:32:47,2020-01-16 03:48:25
24,Bitwolf,Oberbrunner LLC,8459 Ruskin Point,2019-12-06 23:47:17,2020-01-19 12:02:35
15,Vagram,Schoen-Stiedemann,9867 Shopko Point,2019-12-23 06:36:24,2020-01-20 15:30:18
11,Opela,Metz-Russel,4 Florence Plaza,2019-12-02 14:19:16,2020-01-25 13:00:49
20,Treeflex,Ernser Inc,92370 Mayfield Street,2019-12-01 15:47:46,2020-01-25 04:52:18
15,Job,Spinka-Wunsch,02884 Northridge Hill,2019-12-11 21:20:50,2020-01-30 21:07:01
18,Tresom,"Beier, Terry and Osinski",76216 Troy Junction,2019-12-30 05:24:23,2020-01-30 04:32:11
18,Tin,Kuphal and Sons,662 Schmedeman Way,2019-12-18 10:31:08,2020-01-13 03:00:08
22,Subin,Haley-Connelly,102 Dennis Terrace,2019-12-05 13:48:38,2020-01-29 19:08:57
9,Bitwolf,Runolfsson-Spencer,1 Quincy Point,2019-12-16 18:29:55,2020-01-29 19:52:16
19,Rank,Jacobi-Wiza,27 Bobwhite Circle,2019-12-08 04:45:23,2020-01-27 01:42:17
22,Pannier,Sporer Group,54 Sloan Circle,2019-12-28 14:53:49,2020-01-11 22:01:40
11,Temp,"Schaefer, Hammes and Hilpert",044 Huxley Junction,2019-12-29 05:58:45,2020-01-21 06:17:55
